package,spillover_share,base_cvd_benefit,spillover_cvd_benefit,cvd_multiplier
kitchen,0.5,12.056350960981067,14.870929992076057,1.2334519822958072
kohl,0.5,1.2263960919803871,1.8395941379705807,1.5
