variable,scaled_by,baseline_min,baseline_mode,baseline_max,scenario_min,scenario_mode,scenario_max
gdp_ppp_per_capita,0.7,2000.0,4000.0,8000.0,1400.0,2800.0,5600.0
growth,0.7,0.0,0.02,0.025,0.0,0.013999999999999999,0.017499999999999998
p_att_anc,0.7,0.55,0.82,0.95,0.385,0.574,0.6649999999999999
fidelity,0.7,0.3,0.6,0.8,0.21,0.42,0.5599999999999999
p_merchant_stock,0.7,0.6,0.8,0.95,0.42,0.5599999999999999,0.6649999999999999
p_redeem,0.7,0.6,0.75,0.9,0.42,0.5249999999999999,0.63
adherence,0.7,0.3,0.5,0.6,0.21,0.35,0.42
