metric,all_infants_median,mothers_and_girls_only_median,loss_pct_if_mothers_and_girls_only,all_infants_fail_pct,mothers_and_girls_only_fail_pct
bcr_cog,6.244528001896519,3.9160739883519553,37.287910516813945,0.51,7.19
bcr_plus_mn,6.550324984917138,4.309288998529783,34.21259237591406,0.36,4.79
bcr_total,6.824723821036207,4.632342615635357,32.12410147122961,0.3,3.5700000000000003
