package,other_mean,other_sd,source_specific_bll_reduction,median_pre_bll,median_post_bll,median_delta_iq,mean_delta_iq
kitchen,3.0,1.5,0.6237747000000001,3.3102527298512796,2.6864780298512794,0.5074309552147618,0.5203651735933899
kitchen,7.0,3.5,0.6237747000000001,6.89222343631965,6.26844873631965,0.26725944085272335,0.28321265880582663
kohl,3.0,1.5,0.35531999999999997,3.0329685814986624,2.6776485814986626,0.2993758208232034,0.3076411135105311
kohl,7.0,3.5,0.35531999999999997,6.603166690163545,6.247846690163545,0.15535490310456185,0.16491670111586412
