package_case,bcr_cog_median,bcr_cog_p5,bcr_cog_p95,bcr_cog_fail_pct,bcr_total_median,bcr_total_p5,bcr_total_p95,bcr_total_fail_pct
Kitchen Baseline,4.614585822698946,1.6487824192992944,12.790212044041958,0.67,5.692547955975459,2.2140635623108613,14.67484167215751,0.09
Kohl Baseline,6.244528001896519,1.9593191809266948,17.976031149926445,0.51,6.824723821036207,2.2409149718286945,18.918832110146788,0.3
Kitchen Half Pot-Utensil Effect,2.4151622864583535,0.8737034464919918,6.636009884093006,7.61,2.9845639920009446,1.1822173713735737,7.629093535855827,2.4699999999999998
Kohl Half Kohl Effect,3.1222640009482596,0.9796595904633474,8.988015574963223,5.319999999999999,3.412535234165333,1.1204749423777252,9.459475225099863,3.5900000000000003
