package_case,bcr_cog_median,bcr_cog_p5,bcr_cog_p95,bcr_cog_fail_pct,bcr_total_median,bcr_total_p5,bcr_total_p95,bcr_total_fail_pct,modal_cost_per_1m_births_usd,modal_total_benefit_per_1m_births_usd,modal_net_benefit_per_1m_births_usd
Kitchen Baseline,4.614585822698946,1.6487824192992944,12.790212044041958,0.67,5.692547955975459,2.2140635623108613,14.67484167215751,0.09,15477839.999999996,84219388.65533204,68741548.65533204
Kohl Baseline,6.244528001896519,1.9593191809266948,17.976031149926445,0.51,6.824723821036207,2.2409149718286945,18.918832110146788,0.3,5587000.000000001,42638213.843483895,37051213.843483895
