package_case,bcr_cog_median,bcr_cog_p5,bcr_cog_p95,bcr_cog_fail_pct,bcr_total_median,bcr_total_p5,bcr_total_p95,bcr_total_fail_pct
Kitchen Baseline,5.598313906713127,2.0022152346800706,15.304264510162636,0.3,6.7348404178734675,2.617542691067092,17.34820946377447,0.05
Kohl Baseline,5.8948928290473805,1.8300860203693226,17.168211102290563,0.62,6.49497516749773,2.1152291717919334,18.137858415195346,0.27
