scenario,start_bll,end_bll,delta_iq_nonlinear
12_to_7,12.0,7.0,1.575958370027401
7_to_2,7.0,2.0,3.183771755276063
