package,other_mean,other_sd,source_specific_bll_reduction,median_pre_bll,median_post_bll,median_delta_iq,mean_delta_iq
kitchen,3.0,1.5,0.75513456,3.4416125898512795,2.6864780298512794,0.6048790108636403,0.6192969485181933
kitchen,7.0,3.5,0.75513456,7.02358329631965,6.26844873631965,0.32084186931052716,0.3394298877233359
kohl,3.0,1.5,0.33465599999999995,3.0123045814986624,2.6776485814986626,0.2827013114206739,0.2905982477653896
kohl,7.0,3.5,0.33465599999999995,6.582502690163545,6.247846690163545,0.14652086573381834,0.15558503628472464
